sep=;
Timestamp [us];Power measure [W]
916.000000;41.6990
13536.000000;41.6990
19600.000000;41.6990
27058.000000;41.6990
33540.000000;41.6990
39392.000000;41.6990
51937.000000;41.6990
58872.000000;41.6990
67121.000000;41.6990
73012.000000;41.7960
79049.000000;41.7960
90601.000000;41.7960
98482.000000;41.7960
104454.000000;41.7960
112290.000000;41.7960
118082.000000;41.7960
125870.000000;41.7960
135886.000000;41.7960
141718.000000;41.7960
148586.000000;41.7960
154414.000000;41.7960
171128.000000;41.7960
177258.000000;41.7880
183070.000000;41.7880
188900.000000;41.7880
198809.000000;41.7880
206579.000000;41.7880
217838.000000;41.7880
223710.000000;41.7880
232280.000000;41.7880
238309.000000;41.7880
250131.000000;41.7880
257514.000000;41.7880
272407.000000;41.7880
283030.000000;41.7770
292686.000000;41.7770
298654.000000;41.7770
304509.000000;41.7770
310342.000000;41.7770
316203.000000;41.7770
323198.000000;41.7770
332962.000000;41.7770
338795.000000;41.7770
348548.000000;41.7770
354377.000000;41.7770
360664.000000;41.7770
373583.000000;41.7770
381828.000000;41.7570
387720.000000;41.7570
393944.000000;41.7570
399796.000000;41.7570
415278.000000;41.7570
421145.000000;41.7570
431081.000000;41.7570
436927.000000;41.7570
453792.000000;41.7570
465293.000000;41.7570
471098.000000;41.7570
477057.000000;41.7570
482920.000000;41.7410
498762.000000;41.7410
504587.000000;41.7410
514886.000000;41.7410
520739.000000;41.7410
536087.000000;41.7410
541911.000000;41.7410
548484.000000;41.7410
554287.000000;41.7410
564502.000000;41.7410
576103.000000;41.7410
581932.000000;41.7410
587719.000000;41.7210
593904.000000;41.7210
599729.000000;41.7210
605571.000000;41.7210
617103.000000;41.7210
622927.000000;41.7210
632200.000000;41.7210
638034.000000;41.7210
643905.000000;41.7210
657508.000000;41.7210
665251.000000;41.7210
671091.000000;41.7210
681937.000000;41.7210
689872.000000;41.7210
700055.000000;41.6600
707035.000000;41.6600
715502.000000;41.6600
721375.000000;41.6600
739256.000000;41.6600
745362.000000;41.6600
751184.000000;41.6600
757054.000000;41.6600
765490.000000;41.6600
781809.000000;41.6600
787639.000000;41.6600
793542.000000;41.6700
799369.000000;41.6700
805265.000000;41.6700
820061.000000;41.6700
825885.000000;41.6700
831953.000000;41.6700
837767.000000;41.6700
848527.000000;41.6700
865485.000000;41.6700
871309.000000;41.6700
877327.000000;41.6700
883188.000000;41.6700
889100.000000;41.6700
901450.000000;41.6130
907279.000000;41.6130
915481.000000;41.6130
921671.000000;41.6130
942194.000000;41.6130
948582.000000;41.6130
954412.000000;41.6130
965431.000000;41.6130
971266.000000;41.6130
982648.000000;41.6130
988455.000000;41.6130
998528.000000;41.4040
1004339.000000;41.4040
1010584.000000;41.4040
1031605.000000;41.4040
1037485.000000;41.4040
1052701.000000;41.4040
1066319.000000;41.4040
1075873.000000;41.4040
1081758.000000;41.4040
1092653.000000;41.4040
1104975.000000;41.3580
1114516.000000;41.3580
1121311.000000;41.3580
1131510.000000;41.3580
1147950.000000;41.3580
1154525.000000;41.3580
1164601.000000;41.3580
1170453.000000;41.3580
1178814.000000;41.3580
1187034.000000;41.3580
1193045.000000;41.3580
1198914.000000;41.3580
1204814.000000;41.4080
1217172.000000;41.4080
1231265.000000;41.4080
1239781.000000;41.4080
1249671.000000;41.4080
1257552.000000;41.4080
1267352.000000;41.4080
1275673.000000;41.4080
1313962.000000;41.4740
1319071.000000;41.4740
1324175.000000;41.4740
1330481.000000;41.4740
1335579.000000;41.4740
1340710.000000;41.4740
1346168.000000;41.4740
1351453.000000;41.4740
1356556.000000;41.4740
1362838.000000;41.4740
1368543.000000;41.4740
1373644.000000;41.4740
1379495.000000;41.4740
1384973.000000;41.4740
1390077.000000;41.4740
1397186.000000;41.4740
1402290.000000;41.4740
1407375.000000;41.4740
1412834.000000;46.5580
1418098.000000;46.5580
1423185.000000;46.5580
1430511.000000;46.5580
1435616.000000;46.5580
1440718.000000;46.5580
1447117.000000;46.5580
1452225.000000;46.5580
1457325.000000;46.5580
1463838.000000;46.5580
1468956.000000;46.5580
1474069.000000;46.5580
1479488.000000;46.5580
1484577.000000;46.5580
1489680.000000;46.5580
1497137.000000;46.5580
1502252.000000;46.5580
1507355.000000;46.5580
1512844.000000;53.4130
1518233.000000;53.4130
1523336.000000;53.4130
1530485.000000;53.4130
1535586.000000;53.4130
1540690.000000;53.4130
1547201.000000;53.4130
1552308.000000;53.4130
1557399.000000;53.4130
1563804.000000;53.4130
1568896.000000;53.4130
1573994.000000;53.4130
1579487.000000;53.4130
1585001.000000;53.4130
1590103.000000;53.4130
1597166.000000;53.4130
1602261.000000;53.4130
1607365.000000;53.4130
1612851.000000;53.4130
1617968.000000;60.2440
1623078.000000;60.2440
1630421.000000;60.2440
1635540.000000;60.2440
1640632.000000;60.2440
1646155.000000;60.2440
1651231.000000;60.2440
1656704.000000;60.2440
1663814.000000;60.2440
1668949.000000;60.2440
1674041.000000;60.2440
1679505.000000;60.2440
1684653.000000;60.2440
1689934.000000;60.2440
1697266.000000;60.2440
1702329.000000;60.2440
1707440.000000;60.2440
1713893.000000;60.2440
1719005.000000;67.1470
1724118.000000;67.1470
1730479.000000;67.1470
1735586.000000;67.1470
1741218.000000;67.1470
1747205.000000;67.1470
1752309.000000;67.1470
1757667.000000;67.1470
1763878.000000;67.1470
1769714.000000;67.1470
1774819.000000;67.1470
1780413.000000;67.1470
1785496.000000;67.1470
1790600.000000;67.1470
1797217.000000;67.1470
1802325.000000;67.1470
1807420.000000;67.1470
1813830.000000;67.1470
1818942.000000;67.1470
1824045.000000;73.9890
1829518.000000;73.9890
1834610.000000;73.9890
1839717.000000;73.9890
1846178.000000;73.9890
1851294.000000;73.9890
1856420.000000;73.9890
1863800.000000;73.9890
1868919.000000;73.9890
1874016.000000;73.9890
1880396.000000;73.9890
1885499.000000;73.9890
1890595.000000;73.9890
1897163.000000;73.9890
1902266.000000;73.9890
1907369.000000;73.9890
1913831.000000;73.9890
1918939.000000;73.9890
1924044.000000;73.9890
1929503.000000;80.8100
1934595.000000;80.8100
1939727.000000;80.8100
1946166.000000;80.8100
1951446.000000;80.8100
1956512.000000;80.8100
1963844.000000;80.8100
1968976.000000;80.8100
1974085.000000;80.8100
1979523.000000;80.8100
1985054.000000;80.8100
1990165.000000;80.8100
1996203.000000;80.8100
2001315.000000;80.8100
2006408.000000;80.8100
2013876.000000;80.8100
2018991.000000;80.8100
2024094.000000;80.8100
2030413.000000;87.7160
2035525.000000;87.7160
2040631.000000;87.7160
2046183.000000;87.7160
2051727.000000;87.7160
2056845.000000;87.7160
2063822.000000;87.7160
2068957.000000;87.7160
2074074.000000;87.7160
2079500.000000;87.7160
2084589.000000;87.7160
2089980.000000;87.7160
2096189.000000;87.7160
2102031.000000;87.7160
2107143.000000;87.7160
2113820.000000;87.7160
2118929.000000;87.7160
2124038.000000;87.7160
2129510.000000;87.7160
2134997.000000;94.4790
2140113.000000;94.4790
2147236.000000;94.4790
2153118.000000;94.4790
2158260.000000;94.4790
2163737.000000;94.4790
2168842.000000;94.4790
2174569.000000;94.4790
2180537.000000;94.4790
2185646.000000;94.4790
2191025.000000;94.4790
2197230.000000;94.4790
2203067.000000;94.4790
2208158.000000;94.4790
2213876.000000;94.4790
2218999.000000;94.4790
2224113.000000;94.4790
2230407.000000;94.4790
2235510.000000;101.2980
2240975.000000;101.2980
2247176.000000;101.2980
2253014.000000;101.2980
2258129.000000;101.2980
2263758.000000;101.2980
2268852.000000;101.2980
2274589.000000;101.2980
2280542.000000;101.2980
2286048.000000;101.2980
2291144.000000;101.2980
2297189.000000;101.2980
2302288.000000;101.2980
2307397.000000;101.2980
2313752.000000;101.2980
2318874.000000;101.2980
2324443.000000;101.2980
2330456.000000;101.2980
2335568.000000;101.2980
2341070.000000;108.1770
2347173.000000;108.1770
2352346.000000;108.1770
2357608.000000;108.1770
2362844.000000;108.1770
2367956.000000;108.1770
2373074.000000;108.1770
2380549.000000;108.1770
2385618.000000;108.1770
2390684.000000;108.1770
2397075.000000;108.1770
2402211.000000;108.1770
2407334.000000;108.1770
2413849.000000;108.1770
2418965.000000;108.1770
2424092.000000;108.1770
2429525.000000;108.1770
2434641.000000;108.1770
2439761.000000;108.1770
2447185.000000;109.9280
2452304.000000;109.9280
2457416.000000;109.9280
2463800.000000;109.9280
2468923.000000;109.9280
2474024.000000;109.9280
2480492.000000;109.9280
2485589.000000;109.9280
2490727.000000;109.9280
2497225.000000;109.9280
2502342.000000;109.9280
2507461.000000;109.9280
2512842.000000;109.9280
2518362.000000;109.9280
2523504.000000;109.9280
2529505.000000;109.9280
2534614.000000;109.9280
2540133.000000;109.9280
2547180.000000;109.8480
2552305.000000;109.8480
2557426.000000;109.8480
2562840.000000;109.8480
2568678.000000;109.8480
2573804.000000;109.8480
2579524.000000;109.8480
2584651.000000;109.8480
2590055.000000;109.8480
2597212.000000;109.8480
2602315.000000;109.8480
2607419.000000;109.8480
2614038.000000;109.8480
2619189.000000;109.8480
2624312.000000;109.8480
2630685.000000;109.8480
2635805.000000;109.8480
2640929.000000;109.8480
2646180.000000;109.8480
2651296.000000;109.8180
2656856.000000;109.8180
2662854.000000;109.8180
2667995.000000;109.8180
2673119.000000;109.8180
2679514.000000;109.8180
2684648.000000;109.8180
2689757.000000;109.8180
2697855.000000;109.8180
2702975.000000;109.8180
2708093.000000;109.8180
2714290.000000;109.8180
2719409.000000;109.8180
2724528.000000;109.8180
2730850.000000;109.8180
2735972.000000;109.8180
2741088.000000;109.8180
2747217.000000;109.8180
2752322.000000;109.7670
2757462.000000;109.7670
2763902.000000;109.7670
2769502.000000;109.7670
2774641.000000;109.7670
2780571.000000;109.7670
2785941.000000;109.7670
2791036.000000;109.7670
2798050.000000;109.7670
2803148.000000;109.7670
2808269.000000;109.7670
2813813.000000;109.7670
2818920.000000;109.7670
2824006.000000;109.7670
2830488.000000;109.7670
2835609.000000;109.7670
2841206.000000;109.7670
2847216.000000;109.7670
2852781.000000;109.7670
2857914.000000;109.7830
2863890.000000;109.7830
2869696.000000;109.7830
2874818.000000;109.7830
2880387.000000;109.7830
2885530.000000;109.7830
2890690.000000;109.7830
2897202.000000;109.7830
2902310.000000;109.7830
2907850.000000;109.7830
2913892.000000;109.7830
2919195.000000;109.7830
2924316.000000;109.7830
2930875.000000;109.7830
2935976.000000;109.7830
2941098.000000;109.7830
2947429.000000;109.7830
2952553.000000;109.7830
2957688.000000;109.7860
2963831.000000;109.7860
2968967.000000;109.7860
2974097.000000;109.7860
2980716.000000;109.7860
2985818.000000;109.7860
2990947.000000;109.7860
2997147.000000;109.7860
3002805.000000;109.7860
3007935.000000;109.7860
3013788.000000;109.7860
3019168.000000;109.7860
3024274.000000;109.7860
3030391.000000;109.7860
3035847.000000;109.7860
3040978.000000;109.7860
3047118.000000;109.7860
3052769.000000;109.7860
3057892.000000;109.7860
3063814.000000;109.6740
3068925.000000;109.6740
3074501.000000;109.6740
3080557.000000;109.6740
3085989.000000;109.6740
3091114.000000;109.6740
3097245.000000;109.6740
3103068.000000;109.6740
3108194.000000;109.6740
3113754.000000;109.6740
3118862.000000;109.6740
3124464.000000;109.6740
3130414.000000;109.6740
3135519.000000;109.6740
3140628.000000;109.6740
3147129.000000;109.6740
3152244.000000;109.6740
3157703.000000;109.6740
3163759.000000;109.6050
3168872.000000;109.6050
3174773.000000;109.6050
3180564.000000;109.6050
3185692.000000;109.6050
3190858.000000;109.6050
3196211.000000;109.6050
3201322.000000;109.6050
3206473.000000;109.6050
3212864.000000;109.6050
3218635.000000;109.6050
3223751.000000;109.6050
3230509.000000;109.6050
3235637.000000;109.6050
3240743.000000;109.6050
3246194.000000;109.6050
3251326.000000;109.6050
3256670.000000;109.6050
3262874.000000;109.6050
3268013.000000;109.5830
3273119.000000;109.5830
3280542.000000;109.5830
3285684.000000;109.5830
3290845.000000;109.5830
3297581.000000;109.5830
3302708.000000;109.5830
3307840.000000;109.5830
3314097.000000;109.5830
3319196.000000;109.5830
3324323.000000;109.5830
3329524.000000;109.5830
3334667.000000;109.5830
3339800.000000;109.5830
3347214.000000;109.5830
3352370.000000;109.5830
3357500.000000;109.5830
3363734.000000;109.5830
3369061.000000;109.5490
3374212.000000;109.5490
3380397.000000;109.5490
3385808.000000;109.5490
3390943.000000;109.5490
3397886.000000;109.5490
3403032.000000;109.5490
3408171.000000;109.5490
3413835.000000;109.5490
3418949.000000;109.5490
3424109.000000;109.5490
3429542.000000;109.5490
3434660.000000;109.5490
3439792.000000;109.5490
3447250.000000;109.5490
3452633.000000;109.5490
3457767.000000;109.5490
3463927.000000;109.5490
3469549.000000;109.5490
3474688.000000;109.5210
3480440.000000;109.5210
3485911.000000;109.5210
3491077.000000;109.5210
3497250.000000;109.5210
3502385.000000;109.5210
3507535.000000;109.5210
3513864.000000;109.5210
3519005.000000;109.5210
3524183.000000;109.5210
3530562.000000;109.5210
3535667.000000;109.5210
3540835.000000;109.5210
3546212.000000;109.5210
3551357.000000;109.5210
3558876.000000;109.5210
3564008.000000;109.5210
3569113.000000;109.5210
3586704.000000;108.3680
3597138.000000;108.3680
3602290.000000;108.3680
3607929.000000;108.3680
3613799.000000;108.3680
3618960.000000;108.3680
3624108.000000;108.3680
3630413.000000;108.3680
3635558.000000;108.3680
3640729.000000;108.3680
3647059.000000;108.3680
3652592.000000;108.3680
3657732.000000;108.3680
3663741.000000;108.3680
3668877.000000;108.3680
3674035.000000;108.3680
3680304.000000;106.1400
3685450.000000;106.1400
3690577.000000;106.1400
3697018.000000;106.1400
3702169.000000;106.1400
3707318.000000;106.1400
3713687.000000;106.1400
3718827.000000;106.1400
3723951.000000;106.1400
3730343.000000;106.1400
3735491.000000;106.1400
3740604.000000;106.1400
3746999.000000;106.1400
3752151.000000;106.1400
3757288.000000;106.1400
3763691.000000;106.1400
3768862.000000;106.1400
3774011.000000;106.1400
3780321.000000;106.1400
3785461.000000;106.4610
3790606.000000;106.4610
3797005.000000;106.4610
3802167.000000;106.4610
3807313.000000;106.4610
3813760.000000;106.4610
3818898.000000;106.4610
3824051.000000;106.4610
3830348.000000;106.4610
3835504.000000;106.4610
3840667.000000;106.4610
3846992.000000;106.4610
3852145.000000;106.4610
3857285.000000;106.4610
3863738.000000;106.4610
3868877.000000;106.4610
3874036.000000;106.4610
3880433.000000;106.4610
3885585.000000;106.7580
3890731.000000;106.7580
3897007.000000;106.7580
3902171.000000;106.7580
3907336.000000;106.7580
3913724.000000;106.7580
3918852.000000;106.7580
3924035.000000;106.7580
3930351.000000;106.7580
3935497.000000;106.7580
3940634.000000;106.7580
3947223.000000;106.7580
3952368.000000;106.7580
3957534.000000;106.7580
3963674.000000;106.7580
3968834.000000;106.7580
3973976.000000;106.7580
3980390.000000;106.7580
3985520.000000;106.7580
3990663.000000;107.0260
3996975.000000;107.0260
4002117.000000;107.0260
4007278.000000;107.0260
4013798.000000;107.0260
4018956.000000;107.0260
4024108.000000;107.0260
4030369.000000;107.0260
4035526.000000;107.0260
4040678.000000;107.0260
4047018.000000;107.0260
4052175.000000;107.0260
4057370.000000;107.0260
4063776.000000;107.0260
4068895.000000;107.0260
4074499.000000;107.0260
4080356.000000;107.0260
4085825.000000;107.0260
4090984.000000;107.0260
4097582.000000;107.3930
4102740.000000;107.3930
4107902.000000;107.3930
4114080.000000;107.3930
4119256.000000;107.3930
4124434.000000;107.3930
4130560.000000;107.3930
4135726.000000;107.3930
4140885.000000;107.3930
4147453.000000;107.3930
4152598.000000;107.3930
4157722.000000;107.3930
4163644.000000;107.3930
4168940.000000;107.3930
4174090.000000;107.3930
4180462.000000;107.3930
4185596.000000;107.3930
4190758.000000;107.3930
4197128.000000;107.8590
4202292.000000;107.8590
4207435.000000;107.8590
4213994.000000;107.8590
4219159.000000;107.8590
4224307.000000;107.8590
4230589.000000;107.8590
4235710.000000;107.8590
4240879.000000;107.8590
4247065.000000;107.8590
4252210.000000;107.8590
4257381.000000;107.8590
4264353.000000;107.8590
4269515.000000;107.8590
4274664.000000;107.8590
4280347.000000;107.8590
4285887.000000;107.8590
4291045.000000;107.8590
4297030.000000;107.8590
4302346.000000;108.2530
4307515.000000;108.2530
4313710.000000;108.2530
4318845.000000;108.2530
4323985.000000;108.2530
4330328.000000;108.2530
4335509.000000;108.2530
4340668.000000;108.2530
4347413.000000;108.2530
4352595.000000;108.2530
4357742.000000;108.2530
4364074.000000;108.2530
4369259.000000;108.2530
4374403.000000;108.2530
4380549.000000;108.2530
4385677.000000;108.2530
4390862.000000;108.2530
4397006.000000;108.2530
4402158.000000;108.5910
4407330.000000;108.5910
4413677.000000;108.5910
4419291.000000;108.5910
4424440.000000;108.5910
4430470.000000;108.5910
4435749.000000;108.5910
4440903.000000;108.5910
4447835.000000;108.5910
4452959.000000;108.5910
4458131.000000;108.5910
4463648.000000;108.5910
4468784.000000;108.5910
4473932.000000;108.5910
4480470.000000;108.5910
4485747.000000;108.5910
4491020.000000;108.5910
4497029.000000;108.5910
4502626.000000;108.5910
4507797.000000;109.0010
4513708.000000;109.0010
4519542.000000;109.0010
4524695.000000;109.0010
4530436.000000;109.0010
4535616.000000;109.0010
4540788.000000;109.0010
4547020.000000;109.0010
4552185.000000;109.0010
4557780.000000;109.0010
4563707.000000;109.0010
4568853.000000;109.0010
4574363.000000;109.0010
4580356.000000;109.0010
4585507.000000;109.0010
4591278.000000;109.0010
4597045.000000;109.0010
4602213.000000;109.0010
4607408.000000;110.5910
4613676.000000;110.5910
4618823.000000;110.5910
4623990.000000;110.5910
4630366.000000;110.5910
4635502.000000;110.5910
4640672.000000;110.5910
4647123.000000;110.5910
4652278.000000;110.5910
4657474.000000;110.5910
4663755.000000;110.5910
4668906.000000;110.5910
4674070.000000;110.5910
4680446.000000;110.5910
4686020.000000;110.5910
4691186.000000;110.5910
4696994.000000;110.5910
4702153.000000;110.5910
4707316.000000;110.5910
4713806.000000;113.2830
4718961.000000;113.2830
4724154.000000;113.2830
4730388.000000;113.2830
4735551.000000;113.2830
4740728.000000;113.2830
4747101.000000;113.2830
4752273.000000;113.2830
4757767.000000;113.2830
4763736.000000;113.2830
4769002.000000;113.2830
4774172.000000;113.2830
4780496.000000;113.2830
4785666.000000;113.2830
4790830.000000;113.2830
4800933.000000;113.2830
4806122.000000;113.2830
4813836.000000;113.6300
4819003.000000;113.6300
4824166.000000;113.6300
4831032.000000;113.6300
4836210.000000;113.6300
4841380.000000;113.6300
4847021.000000;113.6300
4852564.000000;113.6300
4857714.000000;113.6300
4863701.000000;113.6300
4869024.000000;113.6300
4874219.000000;113.6300
4880315.000000;113.6300
4885454.000000;113.6300
4890837.000000;113.6300
4897089.000000;113.6300
4902907.000000;113.6300
4908030.000000;113.6300
4913822.000000;113.6300
4919367.000000;113.7530
4924540.000000;113.7530
4930407.000000;113.7530
4935897.000000;113.7530
4941038.000000;113.7530
4947021.000000;113.7530
4952170.000000;113.7530
4957340.000000;113.7530
4963741.000000;113.7530
4968928.000000;113.7530
4974104.000000;113.7530
4980401.000000;113.7530
4985569.000000;113.7530
4990745.000000;113.7530
4997071.000000;113.7530
5002237.000000;113.7530
5007418.000000;113.7530
5013782.000000;113.7530
5018947.000000;113.7530
5024129.000000;113.9220
5030321.000000;113.9220
5035488.000000;113.9220
5040678.000000;113.9220
5047448.000000;113.9220
5052600.000000;113.9220
5057771.000000;113.9220
5063909.000000;113.9220
5069084.000000;113.9220
5074247.000000;113.9220
5080583.000000;113.9220
5085736.000000;113.9220
5090938.000000;113.9220
5097061.000000;113.9220
5102204.000000;113.9220
5107360.000000;113.9220
5113898.000000;113.9220
5119208.000000;113.9220
5124375.000000;114.1120
5130901.000000;114.1120
5136061.000000;114.1120
5141242.000000;114.1120
5147649.000000;114.1120
5152821.000000;114.1120
5157995.000000;114.1120
5163791.000000;114.1120
5168974.000000;114.1120
5174141.000000;114.1120
5180361.000000;114.1120
5185670.000000;114.1120
5190931.000000;114.1120
5197063.000000;114.1120
5202543.000000;114.1120
5207725.000000;114.1120
5213803.000000;114.1120
5219457.000000;114.1120
5224570.000000;114.1120
5230343.000000;114.1120
5235917.000000;114.1120
5241129.000000;114.1120
5247042.000000;114.1120
5252193.000000;114.1120
5257365.000000;114.1120
5263705.000000;114.1120
5268854.000000;114.1120
5274019.000000;114.1120
5280395.000000;114.1120
5285582.000000;114.1120
5290737.000000;114.1120
5297064.000000;114.1120
5302262.000000;114.1120
5307466.000000;114.1120
5313736.000000;114.1120
5318937.000000;114.1120
5324292.000000;114.1120
5330506.000000;114.0750
5335656.000000;114.0750
5340818.000000;114.0750
5347353.000000;114.0750
5352516.000000;114.0750
5357704.000000;114.0750
5363911.000000;114.0750
5369103.000000;114.0750
5374300.000000;114.0750
5380776.000000;114.0750
5385955.000000;114.0750
5391124.000000;114.0750
5397245.000000;114.0750
5402438.000000;114.0750
5407626.000000;114.0750
5413659.000000;114.0750
5419272.000000;114.0750
5424444.000000;114.0750
5430347.000000;114.0750
5435817.000000;114.1490
5441019.000000;114.1490
5447086.000000;114.1490
5452737.000000;114.1490
5457927.000000;114.1490
5463876.000000;114.1490
5469195.000000;114.1490
5474408.000000;114.1490
5480356.000000;114.1490
5485507.000000;114.1490
5491000.000000;114.1490
5497130.000000;114.1490
5503112.000000;114.1490
5508292.000000;114.1490
5513771.000000;114.1490
5518962.000000;114.1490
5524468.000000;114.1490
5530370.000000;114.1490
5535603.000000;114.1610
5540927.000000;114.1610
5547022.000000;114.1610
5552382.000000;114.1610
5557578.000000;114.1610
5563698.000000;114.1610
5568887.000000;114.1610
5574044.000000;114.1610
5580403.000000;114.1610
5585593.000000;114.1610
5590734.000000;114.1610
5597032.000000;114.1610
5602184.000000;114.1610
5607364.000000;114.1610
5613732.000000;114.1610
5618887.000000;114.1610
5624059.000000;114.1610
5630479.000000;114.1610
5635660.000000;114.1610
5640855.000000;114.2280
5647046.000000;114.2280
5652230.000000;114.2280
5657419.000000;114.2280
5663715.000000;114.2280
5668900.000000;114.2280
5674076.000000;114.2280
5680397.000000;114.2280
5685592.000000;114.2280
5690787.000000;114.2280
5697088.000000;114.2280
5702275.000000;114.2280
5707483.000000;114.2280
5713911.000000;114.2280
5719086.000000;114.2280
5724272.000000;114.2280
5730390.000000;114.2280
5735579.000000;114.2280
5740747.000000;114.2280
5747043.000000;114.1640
5752233.000000;114.1640
5757418.000000;114.1640
5763689.000000;114.1640
5768860.000000;114.1640
5774055.000000;114.1640
5780801.000000;114.1640
5785980.000000;114.1640
5791135.000000;114.1640
5797228.000000;114.1640
5802423.000000;114.1640
5807601.000000;114.1640
5814105.000000;114.1640
5819291.000000;114.1640
5824441.000000;114.1640
5830337.000000;114.1640
5835506.000000;114.1640
5840714.000000;114.1640
5847526.000000;113.9780
5852720.000000;113.9780
5857920.000000;113.9780
5864593.000000;113.9780
5869778.000000;113.9780
5874959.000000;113.9780
5880370.000000;113.9780
5885947.000000;113.9780
5891130.000000;113.9780
5897092.000000;113.9780
5902357.000000;113.9780
5907534.000000;113.9780
5913759.000000;113.9780
5918965.000000;113.9780
5924147.000000;113.9780
5930411.000000;113.9780
5935602.000000;113.9780
5940972.000000;113.9780
5947152.000000;113.9780
5952345.000000;113.9470
5957773.000000;113.9470
5963768.000000;113.9470
5968981.000000;113.9470
5974673.000000;113.9470
5980445.000000;113.9470
5985613.000000;113.9470
5991141.000000;113.9470
5997213.000000;113.9470
6002430.000000;113.9470
6007624.000000;113.9470
6014009.000000;113.9470
6019193.000000;113.9470
6024398.000000;113.9470
6030579.000000;113.9470
6035773.000000;113.9470
6040925.000000;113.9470
6047459.000000;113.9470
6052641.000000;113.8220
6057825.000000;113.8220
6063671.000000;113.8220
6068825.000000;113.8220
6074035.000000;113.8220
6080928.000000;113.8220
6086122.000000;113.8220
6091329.000000;113.8220
6097861.000000;113.8220
6108260.000000;113.8220
6113799.000000;113.8220
6118926.000000;113.8220
6125548.000000;113.8220
6137271.000000;113.8220
6151026.000000;113.8220
6158333.000000;110.1230
6163577.000000;110.1230
6180195.000000;110.1230
6185354.000000;110.1230
6190803.000000;110.1230
6196967.000000;110.1230
6202155.000000;110.1230
6207339.000000;110.1230
6218007.000000;110.1230
6223190.000000;110.1230
6230228.000000;110.1230
6235457.000000;110.1230
6240684.000000;110.1230
6246925.000000;110.1230
6252123.000000;110.1230
6257943.000000;105.1050
6263624.000000;105.1050
6268833.000000;105.1050
6274443.000000;105.1050
6280225.000000;105.1050
6285412.000000;105.1050
6290987.000000;105.1050
6297017.000000;105.1050
6302207.000000;105.1050
6307421.000000;105.1050
6313506.000000;105.1050
6318701.000000;105.1050
6323871.000000;105.1050
6330205.000000;105.1050
6335409.000000;105.1050
6340596.000000;105.1050
6346843.000000;105.1050
6352042.000000;105.1050
6357217.000000;105.1050
6363535.000000;104.8660
6368748.000000;104.8660
6373967.000000;104.8660
6384987.000000;104.8660
6390199.000000;104.8660
6397223.000000;104.8660
6402422.000000;104.8660
6407605.000000;104.8660
6413719.000000;104.8660
6418919.000000;104.8660
6424125.000000;104.8660
6430197.000000;104.8660
6435403.000000;104.8660
6440612.000000;104.8660
6446884.000000;104.8660
6452067.000000;104.8660
6457246.000000;104.8660
6463542.000000;104.8660
6469412.000000;104.6220
6474618.000000;104.6220
6480337.000000;104.6220
6485875.000000;104.6220
6491075.000000;104.6220
6497159.000000;104.6220
6502415.000000;104.6220
6507631.000000;104.6220
6513685.000000;104.6220
6518913.000000;104.6220
6524117.000000;104.6220
6530381.000000;104.6220
6535595.000000;104.6220
6540829.000000;104.6220
6546897.000000;104.6220
6552086.000000;104.6220
6557672.000000;104.6220
6563650.000000;104.6220
6569017.000000;104.6300
6574211.000000;104.6300
6580193.000000;104.6300
6586250.000000;104.6300
6591448.000000;104.6300
6596941.000000;104.6300
6602180.000000;104.6300
6607616.000000;104.6300
6613662.000000;104.6300
6618858.000000;104.6300
6624058.000000;104.6300
6630363.000000;104.6300
6635561.000000;104.6300
6641134.000000;104.6300
6646888.000000;104.6300
6652073.000000;104.6300
6657668.000000;104.6300
6663667.000000;104.6300
6668876.000000;104.6300
6674587.000000;104.5160
6680379.000000;104.5160
6685886.000000;104.5160
6691098.000000;104.5160
6697048.000000;104.5160
6702260.000000;104.5160
6707479.000000;104.5160
6713541.000000;104.5160
6718759.000000;104.5160
6724804.000000;104.5160
6730198.000000;104.5160
6735419.000000;104.5160
6740617.000000;104.5160
6746910.000000;104.5160
6752114.000000;104.5160
6757316.000000;104.5160
6763716.000000;104.5160
6768897.000000;104.5160
6775079.000000;104.5250
6780291.000000;104.5250
6785513.000000;104.5250
6790726.000000;104.5250
6796908.000000;104.5250
6802136.000000;104.5250
6807367.000000;104.5250
6813566.000000;104.5250
6818770.000000;104.5250
6823976.000000;104.5250
6830242.000000;104.5250
6835444.000000;104.5250
6840666.000000;104.5250
6846890.000000;104.5250
6852067.000000;104.5250
6858163.000000;104.5250
6863741.000000;104.5250
6868960.000000;104.5250
6874260.000000;104.5250
6880232.000000;104.4220
6885434.000000;104.4220
6890646.000000;104.4220
6896942.000000;104.4220
6902148.000000;104.4220
6907394.000000;104.4220
6913700.000000;104.4220
6918862.000000;104.4220
6924076.000000;104.4220
6930230.000000;104.4220
6935447.000000;104.4220
6940679.000000;104.4220
6946916.000000;104.4220
6952141.000000;104.4220
6957350.000000;104.4220
6963721.000000;104.4220
6968926.000000;104.4220
6974137.000000;104.4220
6980275.000000;104.3340
6985496.000000;104.3340
6990715.000000;104.3340
6996878.000000;104.3340
7002509.000000;104.3340
7007702.000000;104.3340
7013747.000000;104.3340
7018968.000000;104.3340
7024140.000000;104.3340
7031007.000000;104.3340
7036234.000000;104.3340
7041443.000000;104.3340
7047026.000000;104.3340
7052270.000000;104.3340
7057490.000000;104.3340
7063708.000000;104.3340
7069322.000000;104.3340
7074539.000000;104.3340
7080365.000000;104.3340
7085851.000000;104.3460
7091037.000000;104.3460
7096943.000000;104.3460
7102764.000000;104.3460
7107975.000000;104.3460
7113655.000000;104.3460
7119163.000000;104.3460
7124335.000000;104.3460
7130241.000000;104.3460
7135439.000000;104.3460
7140666.000000;104.3460
7147005.000000;104.3460
7152219.000000;104.3460
7157417.000000;104.3460
7163663.000000;104.3460
7168897.000000;104.3460
7174109.000000;104.3460
7180384.000000;104.3460
7185598.000000;104.3460
7190756.000000;107.9060
7196885.000000;107.9060
7202084.000000;107.9060
7207304.000000;107.9060
7213650.000000;107.9060
7218870.000000;107.9060
7224074.000000;107.9060
7230274.000000;107.9060
7235478.000000;107.9060
7240699.000000;107.9060
7246894.000000;107.9060
7252111.000000;107.9060
7257733.000000;107.9060
7263548.000000;107.9060
7268729.000000;107.9060
7274622.000000;107.9060
7280217.000000;107.9060
7285454.000000;107.9060
7290659.000000;112.7200
7296878.000000;112.7200
7302132.000000;112.7200
7307363.000000;112.7200
7313562.000000;112.7200
7318801.000000;112.7200
7324855.000000;112.7200
7330264.000000;112.7200
7335507.000000;112.7200
7340720.000000;112.7200
7346879.000000;112.7200
7352115.000000;112.7200
7357345.000000;112.7200
7363528.000000;112.7200
7368759.000000;112.7200
7373919.000000;112.7200
7380190.000000;112.7200
7385377.000000;112.7200
7390582.000000;112.7200
7396904.000000;112.9430
7402131.000000;112.9430
7407366.000000;112.9430
7413570.000000;112.9430
7418787.000000;112.9430
7423955.000000;112.9430
7430262.000000;112.9430
7435481.000000;112.9430
7440665.000000;112.9430
7446907.000000;112.9430
7452110.000000;112.9430
7457326.000000;112.9430
7463567.000000;112.9430
7468752.000000;112.9430
7473955.000000;112.9430
7480237.000000;112.9430
7485476.000000;112.9430
7490685.000000;112.9430
7496930.000000;113.0100
7502173.000000;113.0100
7507761.000000;113.0100
7513726.000000;113.0100
7518946.000000;113.0100
7524175.000000;113.0100
7530288.000000;113.0100
7535517.000000;113.0100
7540720.000000;113.0100
7546963.000000;113.0100
7552197.000000;113.0100
7557404.000000;113.0100
7563575.000000;113.0100
7568824.000000;113.0100
7574071.000000;113.0100
7580386.000000;113.0100
7585599.000000;113.0100
7590855.000000;113.0100
7596888.000000;113.0100
7602110.000000;112.9990
7607316.000000;112.9990
7613756.000000;112.9990
7618949.000000;112.9990
7624170.000000;112.9990
7630232.000000;112.9990
7635433.000000;112.9990
7640638.000000;112.9990
7646933.000000;112.9990
7652114.000000;112.9990
7657331.000000;112.9990
7663875.000000;112.9990
7669065.000000;112.9990
7674298.000000;112.9990
7680401.000000;112.9990
7685599.000000;112.9990
7691179.000000;112.9990
7696994.000000;112.9990
7702221.000000;113.0320
7708127.000000;113.0320
7713597.000000;113.0320
7718795.000000;113.0320
7724028.000000;113.0320
7730233.000000;113.0320
7735412.000000;113.0320
7740789.000000;113.0320
7746906.000000;113.0320
7752100.000000;113.0320
7757366.000000;113.0320
7763734.000000;113.0320
7768935.000000;113.0320
7774182.000000;113.0320
7780303.000000;113.0320
7785515.000000;113.0320
7790704.000000;113.0320
7796944.000000;113.0320
7802172.000000;113.0320
7807383.000000;112.9570
7813552.000000;112.9570
7818732.000000;112.9570
7823968.000000;112.9570
7830251.000000;112.9570
7835447.000000;112.9570
7840653.000000;112.9570
7847022.000000;112.9570
7852224.000000;112.9570
7857422.000000;112.9570
7863722.000000;112.9570
7868933.000000;112.9570
7874162.000000;112.9570
7880429.000000;112.9570
7885621.000000;112.9570
7890815.000000;112.9570
7896882.000000;112.9570
7902150.000000;112.9570
7907371.000000;112.9570
7913707.000000;112.9790
7918932.000000;112.9790
7924083.000000;112.9790
7930630.000000;112.9790
7935859.000000;112.9790
7941045.000000;112.9790
7947105.000000;112.9790
7952343.000000;112.9790
7957593.000000;112.9790
7963771.000000;112.9790
7968978.000000;112.9790
7974216.000000;112.9790
7980208.000000;112.9790
7985423.000000;112.9790
7990626.000000;112.9790
7996939.000000;112.9790
8002119.000000;112.9790
8007328.000000;112.9790
8013644.000000;113.0930
8019118.000000;113.0930
8024338.000000;113.0930
8030301.000000;113.0930
8035551.000000;113.0930
8040774.000000;113.0930
8047059.000000;113.0930
8052262.000000;113.0930
8057464.000000;113.0930
8063697.000000;113.0930
8068887.000000;113.0930
8074118.000000;113.0930
8080576.000000;113.0930
8085754.000000;113.0930
8090957.000000;113.0930
8097500.000000;113.0930
8102725.000000;113.0930
8107949.000000;113.0930
8113930.000000;113.0930
8119134.000000;113.1690
8124351.000000;113.1690
8130261.000000;113.1690
8135496.000000;113.1690
8140707.000000;113.1690
8147824.000000;113.1690
8153053.000000;113.1690
8158238.000000;113.1690
8163759.000000;113.1690
8169280.000000;113.1690
8174449.000000;113.1690
8180464.000000;113.1690
8185764.000000;113.1690
8190950.000000;113.1690
8197717.000000;113.1690
8202916.000000;113.1690
8208136.000000;113.1690
8213741.000000;113.1690
8219586.000000;113.1790
8224749.000000;113.1790
8230380.000000;113.1790
8235807.000000;113.1790
8241054.000000;113.1790
8247042.000000;113.1790
8252627.000000;113.1790
8257834.000000;113.1790
8263699.000000;113.1790
8269604.000000;113.1790
8281860.000000;113.1790
8287069.000000;113.1790
8292421.000000;113.1790
8297611.000000;113.1790
8302820.000000;113.1790
8308258.000000;113.1790
8313611.000000;113.1790
8318852.000000;113.1790
8324042.000000;113.3520
8330254.000000;113.3520
8335465.000000;113.3520
8340665.000000;113.3520
8346922.000000;113.3520
8352086.000000;113.3520
8357288.000000;113.3520
8363569.000000;113.3520
8368819.000000;113.3520
8374083.000000;113.3520
8380369.000000;113.3520
8385610.000000;113.3520
8390809.000000;113.3520
8396995.000000;113.3520
8402191.000000;113.3520
8407382.000000;113.3520
8413715.000000;113.3520
8418923.000000;113.3520
8424124.000000;113.3380
8430409.000000;113.3380
8435642.000000;113.3380
8440898.000000;113.3380
8447083.000000;113.3380
8452844.000000;113.3380
8458062.000000;113.3380
8463600.000000;113.3380
8468897.000000;113.3380
8474285.000000;113.3380
8480255.000000;113.3380
8485856.000000;113.3380
8491071.000000;113.3380
8496998.000000;113.3380
8502815.000000;113.3380
8508072.000000;113.3380
8513726.000000;113.3380
8519265.000000;113.3380
8524553.000000;113.3380
8530232.000000;112.9150
8535487.000000;112.9150
8541098.000000;112.9150
8546941.000000;112.9150
8552831.000000;112.9150
8558036.000000;112.9150
8563633.000000;112.9150
8568854.000000;112.9150
8574561.000000;112.9150
8580249.000000;112.9150
8585442.000000;112.9150
8590655.000000;112.9150
8596998.000000;112.9150
8602226.000000;112.9150
8607659.000000;112.9150
8613567.000000;112.9150
8618821.000000;112.9150
8624265.000000;112.9150
8630401.000000;112.2810
8635623.000000;112.2810
8641307.000000;112.2810
8646912.000000;112.2810
8652181.000000;112.2810
8657369.000000;112.2810
8663759.000000;112.2810
8668964.000000;112.2810
8675047.000000;112.2810
8680448.000000;112.2810
8685658.000000;112.2810
8690883.000000;112.2810
8696939.000000;112.2810
8702153.000000;112.2810
8707368.000000;112.2810
8713549.000000;112.2810
8718820.000000;112.2810
8724059.000000;112.2810
8730422.000000;112.2810
8735629.000000;111.7800
8740916.000000;111.7800
8746889.000000;111.7800
8752091.000000;111.7800
8757288.000000;111.7800
8763540.000000;111.7800
8772972.000000;111.7800
8780249.000000;111.7800
8786407.000000;111.7800
8800922.000000;111.7800
8809249.000000;111.7800
8814473.000000;111.7800
8822199.000000;111.7800
8840743.000000;106.9880
8847286.000000;106.9880
8853238.000000;106.9880
8858429.000000;106.9880
8863731.000000;106.9880
8881370.000000;106.9880
8888882.000000;106.9880
8898127.000000;106.9880
8903311.000000;106.9880
8908482.000000;106.9880
8921646.000000;106.9880
8931291.000000;106.9880
8936490.000000;106.9880
8941676.000000;100.0040
8947995.000000;100.0040
8964667.000000;100.0040
8969854.000000;100.0040
8975089.000000;100.0040
8981368.000000;100.0040
8986583.000000;100.0040
8991840.000000;100.0040
9003417.000000;100.0040
9008643.000000;100.0040
9014604.000000;100.0040
9019827.000000;100.0040
9025041.000000;100.0040
9031317.000000;100.0040
9044169.000000;92.7890
9049385.000000;92.7890
9054607.000000;92.7890
9059989.000000;92.7890
9065207.000000;92.7890
9070776.000000;92.7890
9084730.000000;92.7890
9089965.000000;92.7890
9097989.000000;92.7890
9103224.000000;92.7890
9108448.000000;92.7890
9124601.000000;92.7890
9131339.000000;92.7890
9136945.000000;92.7890
9142172.000000;92.7890
9148023.000000;85.5850
9153335.000000;85.5850
9165497.000000;85.5850
9170727.000000;85.5850
9175906.000000;85.5850
9181383.000000;85.5850
9186608.000000;85.5850
9191834.000000;85.5850
9205955.000000;85.5850
9214632.000000;85.5850
9219906.000000;85.5850
9225135.000000;85.5850
9231346.000000;85.5850
9237063.000000;85.5850
9249123.000000;78.3980
9254369.000000;78.3980
9260012.000000;78.3980
9265244.000000;78.3980
9270473.000000;78.3980
9275704.000000;78.3980
9286741.000000;78.3980
9291992.000000;78.3980
9297946.000000;78.3980
9303130.000000;78.3980
9308356.000000;78.3980
9314644.000000;78.3980
9331376.000000;78.3980
9336611.000000;78.3980
9342248.000000;78.3980
9347998.000000;78.3980
9353227.000000;71.2390
9368817.000000;71.2390
9374412.000000;71.2390
9381440.000000;71.2390
9386681.000000;71.2390
9392262.000000;71.2390
9397977.000000;71.2390
9409552.000000;71.2390
9414786.000000;71.2390
9420022.000000;71.2390
9425247.000000;71.2390
9431290.000000;71.2390
9436514.000000;71.2390
9450587.000000;71.2390
9455826.000000;64.1260
9461606.000000;64.1260
9472172.000000;64.1260
9477987.000000;64.1260
9491363.000000;64.1260
9497927.000000;64.1260
9503170.000000;64.1260
9508435.000000;64.1260
9514628.000000;64.1260
9519857.000000;64.1260
9532132.000000;64.1260
9537363.000000;64.1260
9542586.000000;64.1260
9547972.000000;64.1260
9553215.000000;64.1260
9558474.000000;57.4860
9572377.000000;57.4860
9581266.000000;57.4860
9586538.000000;57.4860
9591954.000000;57.4860
9598055.000000;57.4860
9614612.000000;57.4860
9619842.000000;57.4860
9625066.000000;57.4860
9631312.000000;57.4860
9636918.000000;57.4860
9642159.000000;57.4860
9653369.000000;57.4860
9658610.000000;57.4860
9664706.000000;50.9110
9669940.000000;50.9110
9675172.000000;50.9110
9681383.000000;50.9110
9698123.000000;50.9110
9703731.000000;50.9110
9709338.000000;50.9110
9714605.000000;50.9110
9720223.000000;50.9110
9734416.000000;50.9110
9740020.000000;50.9110
9748085.000000;50.9110
9753339.000000;50.9110
9758926.000000;50.9110
9764714.000000;44.2120
9775372.000000;44.2120
9781403.000000;44.2120
9786592.000000;44.2120
9791896.000000;44.2120
9798100.000000;44.2120
9803343.000000;44.2120
9816314.000000;44.2120
9821558.000000;44.2120
9831448.000000;44.2120
9837065.000000;44.2120
9842296.000000;44.2120
9857219.000000;44.2120
9864776.000000;44.2120
9885185.000000;41.9140